De / Het,Dutch,English,,Source,Level
***,Basics,Basics,1,,
de,man,the,man,,
de,vrouw,the,woman,,
de,jongen,the,boy,,
het,kind,the,child,,
het,meisje,the,girl,,
de,appel,the,apple,,
de,melk,the,milk,,
het,sap,the,juice,,
het,brood,the,bread,,
het,water,the,water,,
***,Basics,Basics,2,(/course/356041/dutch-duolingo-de-or-het-vocabulary/3/),
de,boterham,the,sandwich,,
de,rijst,the,rice,,
de,krant,the,newspaper,,
het,menu,the,menu,,
het,boek,the,book,,
***,Phrases,Phrases,(/course/356041/dutch-duolingo-de-or-het-vocabulary/4/),,
het,Nederlands,the,Dutch,(language),
het,Engels,the,English,(language),
de,spijt,the,regret,,
***,Food,Food,I,(/course/356041/dutch-duolingo-de-or-het-vocabulary/5/),
de,vis,the,fish,,
de,sinaasappel,the,orange,,
de,wijn,the,wine,,
de,koffie,the,coffee,,
het,ei,the,egg,,
de,kip,the,chicken,,
het,bord,the,plate,,
de,suiker,the,sugar,,
het,middageten,the,lunch,(feminime),
het,ontbijt,the,breakfast,,
de,kaas,the,cheese,,
het,fruit,the,fruit,,
de,pasta,the,pasta,,
de,lunch,the,lunch,(masculine),
het,bier,the,beer,,
***,Food,Food,II,(/course/356041/dutch-duolingo-de-or-het-vocabulary/6/),
het,rundvlees,the,beef,,
de,soep,the,soup,,
de,tomaat,the,tomato,,
de,aardbei,the,strawberry,,
de,citroen,the,lemon,,
de,limoen,the,lime,,
het,avondeten,the,dinner,,
het,vlees,the,meat,,
de,maaltijd,the,meal,,
de,thee,the,tea,,
het,varkensvlees,the,pork,,
de,vegetariër,the,vegetarian,,
het,eten,the,food,,
de,peper,the,pepper,,
de,olie,the,oil,,
***,Food,Food,III,(/course/356041/dutch-duolingo-de-or-het-vocabulary/7/),
de,dorst,the,thirst,,
de,honger,the,hunger,,
de,banaan,the,banana,,
het,zout,the,salt,,
***,Animals,Animals,I,(/course/356041/dutch-duolingo-de-or-het-vocabulary/8/),
de,kat,the,cat,,
het,dier,the,animal,,
de,hond,the,dog,,
het,paard,the,horse,,
de,vogel,the,bird,,
de,beer,the,bear,,
de,muis,the,mouse,,
de,krab,the,crab,,
de,spin,the,spider,,
de,olifant,the,elephant,,
de,eend,the,duck,,
de,schildpad,the,turtle,,
het,konijn,the,rabbit,,
de,koe,the,cow,,
de,neushoorn,the,rhino,,
***,Animals,Animals,II,(/course/356041/dutch-duolingo-de-or-het-vocabulary/9/),
de,hoorn,the,horn,,
het,schaap,the,sheep,,
het,hert,the,deer,,
de,staart,the,tail,,
de,gans,the,goose,,
de,uil,the,owl,,
***,Clothing,Clothing,(/course/356041/dutch-duolingo-de-or-het-vocabulary/10/),,
de,schoen,the,shoe,,
de,jurk,the,dress,,
de,jas,the,jacket,,
de,rok,the,skirt,,
het,hemd,the,shirt,,
de,kleren,the,clothing,,
de,klomp,the,clog,,
de,broek,the,pants,,
***,Formal,Formal,+,Colors,+
de,meneer,the,gentleman,,
de,mevrouw,the,lady,,
de,kleur,the,color,,
de,vlag,the,flag,,
het,station,the,station,,
***,Dates,Dates,and,time,I
de,nacht,the,night,,
de,middag,the,afternoon,,
de,tijd,the,time,,
de,ochtend,the,morning,,
de,avond,the,evening,,
de,dag,the,day,,
de,maandag,the,Monday,,
de,dinsdag,the,Tuesday,,
de,zondag,the,Sunday,,
de,zaterdag,the,Saturday,,
de,donderdag,the,Thursday,,
de,vrijdag,the,Friday,,
de,woensdag,the,Wednesday,,
de,dinsdag,Tuesday,,,
het,jaar,the,year,,
***,Dates,Dates,and,time,II
de,leeftijd,the,age,,
de,week,the,week,,
het,moment,the,moment,,
de,januari,the,January,,
de,februari,the,February,,
de,maart,the,March,,
de,april,the,April,,
de,mei,the,May,,
de,juni,the,June,,
de,juli,the,July,,
de,augustus,the,August,,
de,september,the,September,,
de,oktober,the,October,,
de,november,the,November,,
de,december,the,December,,
***,Dates,Dates,and,time,III
de,maand,the,month,,
de,kalender,the,calendar,,
de,datum,the,date,,
de,verjaardag,the,birthday,,
de,winter,the,winter,,
het,seizoen,the,season,,
de,lente,the,spring,,
de,eeuw,the,century,,
de,periode,the,period,,
de,zomer,the,summer,,
de,herfst,the,fall,,
het,uur,the,hour,,
de,minuut,the,minute,,
de,seconde,the,second,,
het,decennium,the,decade,,
de,keer,the,time,,
***,Places,Places,I,(/course/356041/dutch-duolingo-de-or-het-vocabulary/15/),
het,huis,the,house,,
het,restaurant,the,restaurant,,
het,strand,the,beach,,
het,hotel,the,hotel,,
de,badkamer,the,bathroom,,
de,keuken,the,kitchen,,
de,tuin,the,garden,,
de,straat,the,street,,
de,stad,the,city/town,,
de,kerk,the,church,,
de,plek,the,place,,
het,park,the,park,,
het,thuis,the,home,,
het,centrum,the,center,,
het,land,the,country/land,,
***,Places,Places,II,(/course/356041/dutch-duolingo-de-or-het-vocabulary/16/),
het,gebied,the,area,,
de,locatie,the,location,,
het,kantoor,the,office,,
de,afdeling,the,department,,
de,kamer,the,room,,
het,adres,the,address,,
het,landgoed,the,property,,
de,markt,the,market,,
het,gebouw,the,building,,
het,kasteel,the,castle,,
de,regio,the,region,,
het,eiland,the,island,,
de,voorkant,the,front,,
het,district,the,district,,
de,bank,the,bank/bench,,
***,Places,Places,III,(/course/356041/dutch-duolingo-de-or-het-vocabulary/17/),
de,bar,the,bar,,
de,windmolen,the,windmill,,
de,binnenkant,the,inside,,
de,grond,the,ground,,
het,museum,the,museum,,
de,kust,the,coast,,
de,zone,the,zone,,
het,kanaal,the,canal,,
de,vallei,the,valley,,
de,hoek,the,corner,,
de,laan,the,avenue,,
de,route,the,route,,
de,buurt,the,neighborhood,,
de,grens,the,border,,
de,toren,the,tower,,
***,Places,Places,IV,(/course/356041/dutch-duolingo-de-or-het-vocabulary/18/),
de,bioscoop,the,cinema,,
de,plaats,the,place,,
de,hoofdstad,the,capital,,
de,gemeenschap,the,community,,
de,haven,the,port,,
de,rechterkant,the,right,side,
het,paleis,the,palace,,
de,gevangenis,the,prison,,
het,plein,the,square,,
de,boerderij,the,farm,,
de,dierentuin,the,zoo,,
de,brug,the,bridge,,
het,vliegveld,the,airport,,
***,Occupations,Occupations,I,(/course/356041/dutch-duolingo-de-or-het-vocabulary/19/),
de,dokter,the,doctor,,
het,werk,the,work,,
de,schrijver,the,writer,,
de,baan,the,job,,
de,schrijfster,the,writer,(female),
de,student,the,student,,
de,studente,the,student,(female),
de,directeur,the,director,,
de,carrière,the,career,,
het,model,the,model,,
de,kunstenaar,the,artist,,
de,werkster,the,maid,,
de,kunstenares,the,artist,(female),
de,werknemer,the,employee,,
de,werkgever,the,employer,,
***,Occupations,Occupations,II,(/course/356041/dutch-duolingo-de-or-het-vocabulary/20/),
de,politie,the,police,,
de,advocaat,the,lawyer,,
het,personeel,the,staff,,
de,secretaresse,the,secretary,(female),
de,rechter,the,judge,,
de,secretaris,the,secretary,,
de,burgemeester,the,mayor,,
de,soldaat,the,soldier,,
de,baas,the,boss,,
het,beroep,the,profession,,
de,boer,the,farmer,,
de,architect,the,architect,,
de,serveerster,the,waitress,,
de,kok,the,cook,,
de,ingenieur,the,engineer,,
***,Occupation,Occupation,III,(/course/356041/dutch-duolingo-de-or-het-vocabulary/21/),
de,kapitein,the,captain,,
de,bewaker,the,guard,,
de,acteur,the,actor,,
de,actrice,the,actress,,
de,koning,the,king,,
***,Family,Family,I,(/course/356041/dutch-duolingo-de-or-het-vocabulary/22/),
de,ouder,the,parent,,
de,zus,the,sister,,
de,broer,the,brother,,
de,dochter,the,daughter,,
de,zoon,the,son,,
de,vader,the,father,,
de,moeder,the,mother,,
het,huwelijk,the,marriage,,
de,familie,the,family,,
de,echtgenoot,the,husband,,
de,oom,the,uncle,,
de,echtgenote,the,wife,,
de,tante,the,aunt,,
de,pa,the,dad,,
de,ma,the,mom,,
***,Family,Family,II,(/course/356041/dutch-duolingo-de-or-het-vocabulary/23/),
de,opa,the,grandpa,,
de,oma,the,grandma,,
de,grootvader,the,grandfather,,
de,grootmoeder,the,grandmother,,
***,Health,Health,I,(/course/356041/dutch-duolingo-de-or-het-vocabulary/24/),
de,hand,the,hand,,
het,oog,the,eye,,
de,gezondheid,the,health,,
het,lichaam,the,body,,
het,hoofd,the,head,,
de,zorg,the,care,,
de,hulp,the,help,,
het,gezicht,the,face,,
het,noodgeval,the,emergency,,
de,behandeling,the,treatment,,
het,hart,the,heart,,
het,medicijn,the,medicine,,
het,bloed,the,blood,,
de,griep,the,flu,,
het,ziekenhuis,the,hospital,,
***,Health,Health,II,(/course/356041/dutch-duolingo-de-or-het-vocabulary/25/),
de,ambulance,the,ambulance,,
de,ziekte,the,disease,,
de,patiënt,the,patient,,
de,operatie,the,operation,,
het,haar,the,hair,,
de,huid,the,skin,,
de,voet,the,foot,,
de,pijn,the,pain,,
de,arts,the,doctor,,
het,virus,the,virus,,
het,dieet,the,diet,,
het,geneesmiddel,the,medication,,
het,zicht,the,sight,,
de,arm,the,arm,,
de,mond,the,mouth,,
***,Health,Health,III,(/course/356041/dutch-duolingo-de-or-het-vocabulary/26/),
het,been,the,leg,,
de,nek,the,neck,,
het,ongeluk,the,accident,,
de,hersenen,the,brain,,
de,vinger,the,finger,,
het,oor,the,ear,,
de,tand,the,tooth,,
de,tong,the,tongue,,
de,borst,the,chest,,
de,neus,the,nose,,
de,lip,the,lip,,
de,rug,the,back,,
de,toestand,the,condition,,
de,afspraak,the,appointment,,
de,verpleegkundige,the,nurse,,
***,Objects,Objects,I,(/course/356041/dutch-duolingo-de-or-het-vocabulary/27/),
het,tijdschrift,the,magazine,,
de,fles,the,bottle,,
de,tafel,the,table,,
de,lepel,the,spoon,,
de,kom,the,bowl,,
de,stoel,the,chair,,
het,bed,the,bed,,
het,raam,the,window,,
de,televisie,the,television,,
de,computer,the,computer,,
de,radio,the,radio,,
de,spiegel,the,mirror,,
de,klok,the,clock,,
de,mobiele,mobiele,telefoon	the,cellphone,
de,lamp,the,lamp,,
***,Objects,Objects,II,(/course/356041/dutch-duolingo-de-or-het-vocabulary/28/),
het,horloge,the,watch,,
het,bureau,the,desk,,
de,mand,the,basket,,
de,zeep,the,soap,,
de,doos,the,box,,
de,deur,the,door,,
het,beeldscherm,the,screen,,
de,portemonnee,the,wallet,,
het,laken,the,sheet,,
de,batterij,the,battery,,
het,scheermes,the,razor,,
de,tandpasta,the,toothpaste,,
de,telefoon,the,telephone,,
de,muur,the,wall,,
de,vloer,the,floor,,
***,Objects,Objects,III,(/course/356041/dutch-duolingo-de-or-het-vocabulary/29/),
de,paraplu,the,umbrella,,
het,wiel,the,wheel,,
het,dak,the,roof,,
de,tas,the,bag,,
de,sleutel,the,key,,
het,zwembad,the,swimming,pool,
het,ding,the,thing,,
de,kast,the,closet,,
de,brief,the,letter,,
de,bel,the,bell,,
de,schaar,the,scissors,,
het,glas,the,glass,,
de,pan,the,pan,,
het,papier,the,paper,,
de,beker,the,cup,,
***,Objects,Objects,IV,(/course/356041/dutch-duolingo-de-or-het-vocabulary/30/),
de,motor,the,engine/motor,,
het,voorwerp,the,object,,
de,machine,the,machine,,
het,stukje,the,piece,,
het,blad,the,sheet,,
het,potlood,the,pencil,,
de,wortel,the,root,,
de,ketting,the,chain/necklace,,
de,spons,the,sponge,,
de,roman,the,novel,,
de,poeder,the,powder,,
de,kam,the,comb,,
de,vork,the,fork,,
het,mes,the,knife,,
de,tandenborstel,the,toothbrush,,
***,Diminutives,Diminutives,I,(/course/356041/dutch-duolingo-de-or-het-vocabulary/31/),
het,kopje,the,cup,(dim.),
het,vraagje,the,question,(dim.),
het,telefoontje,the,call,(dim.),
het,citroentje,the,lemon,(dim.),
het,briefje,the,note,(dim.),
het,doosje,the,box,(dim.),
het,katje,the,kitten,,
het,belletje,the,bell,(dim.),
het,raampje,the,window,(dim.),
het,dingetje,the,thing,(dim.),
het,mannetje,the,male,(dim.),
het,gezinnetje,the,family,(dim.),
het,museumpje,the,museum,(dim.),
het,mandje,the,basket,(dim.),
het,kettinkje,the,necklace,(dim.),
***,Diminutives,Diminutives,II,(/course/356041/dutch-duolingo-de-or-het-vocabulary/32/),
het,huisje,the,house/cottage,(dim.),
het,glaasje,the,glass,(dim.),
het,koninkje,the,king,(dim.),
het,biertje,the,beer,(dim.),
het,jongetje,the,boy,(dim.),
het,blaadje,the,leaf,(dim.),
het,eitje,the,egg,(dim.),
het,omaatje,the,grandma,(dim.),
***,Travel,Travel,I,(/course/356041/dutch-duolingo-de-or-het-vocabulary/33/),
de,auto,the,car,,
de,fiets,the,bike,,
de,bus,the,bus,,
de,trein,the,train,,
de,motorfiets,the,motorcycle,,
de,metro,the,subway,,
de,koffer,the,suitcase,,
het,vliegtuig,the,airplane,,
de,vlucht,the,flight,,
het,vertrek,the,departure,,
de,aankomst,the,arrival,,
de,boot,the,boat,,
het,schip,the,ship,,
de,veerboot,the,ferry,,
de,zeilboot,the,sailboat,,
***,Travel,Travel,II,(/course/356041/dutch-duolingo-de-or-het-vocabulary/34/),
de,rugzak,the,backpack,,
het,avontuur,the,adventure,,
het,bezoek,the,visit,,
de,gids,the,guide,,
de,toerist,the,tourist,,
de,tram,the,tram,,
het,buitenland,the),overseas/abroad,,
het,zuiden,the,south,,
het,oosten,the,east,,
het,noorden,the,north,,
het,westen,the,west,,
het,paspoort,the,passport,,
het,vervoer,the,transportation,,
het,visum,the,visa,,
de,ambassade,the,embassy,,
***,Travel,Travel,III,(/course/356041/dutch-duolingo-de-or-het-vocabulary/35/),
de,bezienswaardigheid,the,sight,(landmark,/
de,taxi,the,taxi,,
de,kant,the,side/edge,,
***,People,People,I,(/course/356041/dutch-duolingo-de-or-het-vocabulary/36/),
de,persoon,the,person,,
de,baby,the,baby,,
de,vriend,the,friend,,
het,vriendje,the,boyfriend,,
de,vriendin,the,girlfriend/female,friend,
het,publiek,the,public,,
de,vijand,the,enemy,,
de,mens,the,human,,
het,comité,the,committee,,
de,conferentie,the,conference,,
de,cultuur,the,culture,,
de,stichting,the,foundation,,
de,bevolking,the,population,,
de,generatie,the,generation,,
het,dorp,the,village,,
***,People,People,II,(/course/356041/dutch-duolingo-de-or-het-vocabulary/37/),
het,individu,the,individual,,
de,dame,the,lady,,
de,burger,the,citizen,,
het,slachtoffer,the,victim,,
de,jeugd,the,youth,,
het,koppel,the,couple,,
de,relatie,the,relationship,,
de,weduwnaar,the,widower,,
de,weduwe,the,widow,,
de,Nederlander,the,Dutchman,,
de,Amerikaan,the,American,(male),
de,Spanjaard,the,Spaniard,(male),
de,Spaanse,the,Spaniard,(female),
de,Nederlandse,the,Dutchwoman,,
de,Amerikaanse,the,American,(female),
het,geslacht,the,gender,,
***,Nature,Nature,I,(/course/356041/dutch-duolingo-de-or-het-vocabulary/38/),
de,boom,the,tree,,
de,bloem,the,flower,,
de,tulp,the,tulip,,
het,gras,the,grass,,
het,hout,the,wood,,
het,bos,the,woods,,
de,plant,the,plant,,
de,zon,the,sun,,
de,maan,the,moon,,
de,aarde,the,earth,,
de,planeet,the,planet,,
de,ruimte,the),outer,space,
het,sterrenstelsel,the,galaxy,,
de,wereld,the,world,,
de,Melkweg,the,Milky,Way,
***,Nature,Nature,II,(/course/356041/dutch-duolingo-de-or-het-vocabulary/39/),
het,zonnestelsel,the,solar,system,
de,asteroïde,the,asteroid,,
de,ster,the,star,,
het,universum,the,universe,,
de,rivier,the,river,,
de,berg,the,mountain,,
het,landschap,the,landscape,,
de,grot,the,cave,,
de,kloof,the,gorge,,
de,heuvel,the,hill,,
de,woestijn,the,desert,,
de,klif,the,cliff,,
het,veld,the,field,,
het,gewas,the,crop,,
de,grond,the,soil,,
***,Nature,Nature,III,(/course/356041/dutch-duolingo-de-or-het-vocabulary/40/),
de,vulkaan,the,volcano,,
de,steen,the,stone,,
het,klimaat,the,climate,,
het,ijs,the,ice,,
de,lucht,the,air,,
de,natuur,the,nature,,
de,kou,the,cold,,
de,hitte,the,heat,,
de,rook,the,smoke,,
het,gas,the,gas,,
het,stof,the,dust,,
het,zand,the,sand,,
het,licht,the,light,,
de,atmosfeer,the,atmosphere,,
het,vuur,the,fire,,
***,Education,Education,I,(/course/356041/dutch-duolingo-de-or-het-vocabulary/41/),
de,leraar,the,teacher,,
de,aantekening,the,note,,
de,pen,the,pen,,
het,onderwijs,the,education,,
de,school,the,school,,
de,opvoeding,the,upbringing,,
het,programma,the,program,,
de,bibliotheek,the,library,,
het,gedeelte,the,section,,
de,cursus,the,course,,
de,toets,the,test,,
de,aanmelding,the,application,,
de,studie,the,study/major,,
het,voorbeeld,the,example,,
de,klas,the,class,(group,of
***,Education,Education,II,(/course/356041/dutch-duolingo-de-or-het-vocabulary/42/),
de,les,the,class,(lesson),
het,woord,the,word,,
de,kennis,the,knowledge,,
het,hoofdstuk,the,chapter,,
de,oefening,the,exercise,,
het,instituut,the,institute,,
het,idee,the,idea,,
de,universiteit,the,university,,
de,presentatie,the,presentation,,
de,uitleg,the,explanation,,
de,voorbereiding,the,preparation,,
de,lezing,the,lecture,(general),
de,professor,the,professor,,
het,college,the,lecture,(university),
de,moeilijkheid,the,difficulty,,
***,Education,Education,III,(/course/356041/dutch-duolingo-de-or-het-vocabulary/43/),
de,training,the,training,,
de,doelstelling,the,objective,,
de,betekenis,the,meaning,,
de,zin,the,sentence,,
de,pagina,the,page,,
het,document,the,document,,
het,verslag,the,report,,
de,wiskunde,the,mathematics,,
de,geneeskunde,the,medicine,(study,of)
de,taalkunde,the,linguistics,,
de,geschiedenis,the,history,,
de,aardrijkskunde,the,geography,,
de,sociologie,the,sociology,,
de,filosofie,the,philosophy,,
de,natuurkunde,the,physics,,
***,Education,Education,IV,(/course/356041/dutch-duolingo-de-or-het-vocabulary/44/),
de,scheikunde,the,chemistry,,
de,literatuurwetenschap,the,literary,science,
het,huiswerk,the,homework,,
***,Weather,Weather,I,(/course/356041/dutch-duolingo-de-or-het-vocabulary/45/),
het,weer,the,weather,,
de,regen,the,rain,,
de,regenbui,the,shower,,
de,wind,the,wind,,
de,sneeuw,the,snow,,
de,orkaan,the,hurricane,,
de,tornado,the,tornado,,
de,overstroming,the,flood,,
de,hagel,the,hail,,
de,graad,the,degree,,
de,temperatuur,the,temperature,,
de,thermometer,the,thermometer,,
de,regenboog,the,rainbow,,
de,vorst,the,frost,,
de,wolk,the,cloud,,
***,Weather,Weather,II,(/course/356041/dutch-duolingo-de-or-het-vocabulary/46/),
de,mist,the,mist,,
de,storm,the,storm,,
de,bliksem,the,lightning,,
de,donder,the,thunder,,
het,onweer,the,thunderstorm,,
de,weersvoorspelling,the,weather,forecast,
***,Abstract,Abstract,Nouns,(1),I
de,liefde,the,love,,
de,schoonheid,the,beauty,,
het,kwaad,the,evil,,
het,goede,the,good,,
de,eer,the,honor,,
de,hoop,the,hope,,
de,humor,the,humor,,
de,zelfbeheersing,the,self-control,,
het,vermogen,the,ability,,
de,chaos,the,chaos,,
het,leven,the,life,,
de,dood,the,death,,
de,fascinatie,the,fascination,,
de,criminaliteit,the,crime,,
het,geloof,the,belief,,
***,Abstract,Abstract,Nouns,(1),II
de,energie,the,energy,,
de,verbetering,the,improvement,,
de,vrijheid,the,freedom,,
de,droom,the,dream,,
de,verbeelding,the,imagination,,
de,informatie,the,information,,
het,geweten,the,conscience,,
de,behoefte,the,need,,
de,vrede,the,peace,,
de,mening,the,opinion,,
de,armoede,the,poverty,,
de,slaap,the,sleep,,
de,waarheid,the,truth,,
de,gedachte,the,thought,,
de,gastvrijheid,the,hospitality,,
***,Abstract,Abstract,Nouns,(1),III
de,vaardigheid,the,skill,,
de,werkelijkheid,the,reality,,
de,moeite,the,effort,,
de,eerlijkheid,the,honesty,,
het,plezier,the,fun,,
de,vriendelijkheid,the,friendliness,,
de,mogelijkheid,the,possibility,,
de,motivatie,the,motivation,,
de,kindertijd,the,childhood,,
het,geduld,the,patience,,
de,gelegenheid,the,opportunity,,
het,vertrouwen,the,trust,,
het,punt,the,point,,
de,macht,the,power,,
het,verschil,the,difference,,
***,Abstract,Abstract,Nouns,(1),VI
het,belang,the,importance,,
het,medelijden,the,sympathy,,
het,succes,the,success,,
***,Geography,Geography,(/course/356041/dutch-duolingo-de-or-het-vocabulary/51/),,
de,zee,the,sea,,
de,vakantie,the,vacation,,
de,kaart,the,map,,
de,oceaan,the,ocean,,
de,bergketen,the,mountain,range,
het,continent,the,continent,,
de,richting,the,direction,,
het,halfrond,the,hemisphere,,
de,Middellandse,Middellandse,Zee	the,Mediterranean,Sea
de,Rijn,the,Rhine,,
***,Communication,Communication,(/course/356041/dutch-duolingo-de-or-het-vocabulary/52/),,
de,opmerking,the,comment,,
het,netwerk,the,network,,
de,pers,the,press,,
de,tekst,the,text,,
het,verhaal,the,story,,
de,communicatie,the,communication,,
het,nieuws,the,news,,
het,bericht,the,message,,
het,internet,the,Internet,,
de,post,the,mail,,
de,postzegel,the,stamp,,
de,ansichtkaart,the,postcard,,
de,toegang,the,access,,
de,journalist,the,journalist,,
de,journaliste,the,journalist,(female),
***,Communication,Communication,II,(/course/356041/dutch-duolingo-de-or-het-vocabulary/53/),
de,sms,the,text,message,
het,interview,the,interview,,
het,gesprek,the,conversation,,
de,samenvatting,the,summary,,
de,vertaling,the,translation,,
het,woordenboek,the,dictionary,,
het,symbool,the,symbol,,
de,taal,the,language,,
het,dialect,the,dialect,,
het,Duits,the,German,(language),
het,Frans,the,French,(language),
het,Italiaans,the,Italian,(language),
het,Spaans,the,Spanish,(language),
het,Portugees,the,Portuguese,(language),
het,Chinees,the,Chinese,(language),
het,Russisch,the,Russian,(language),
***,Communication,Communication,III,(/course/356041/dutch-duolingo-de-or-het-vocabulary/54/),
de,bevestiging,the,confirmation,,
de,website,the,website,,
het,profiel,the,profile,,
het,wachtwoord,the,password,,
de,zoekmachine,the,search,engine,
de,uitzending,the,broadcast,,
de,discussie,the,discussion,,
de,dialoog,the,dialog,,
het,bestand,the,file,,
de,media,the,media,,
het,netnummer,the,area,code,
de,toespraak,the,speech,,
de,kabel,the,cable,,
de,omroep,the,broadcaster,,
de,luidspreker,the,speaker,,
***,Communication,Communication,IV,(/course/356041/dutch-duolingo-de-or-het-vocabulary/55/),
de,groet,the,greeting,,
het,contact,the,contact,,
de,uitnodiging,the,invitation,,
***,Arts,Arts,(/course/356041/dutch-duolingo-de-or-het-vocabulary/56/),,
de,viool,the,violin,,
het,geluid,the,sound,,
de,dwarsfluit,the,flute,,
het,instrument,the,instrument,,
de,muziek,the,music,,
de,noot,the,note,,
het,akkoord,the,chord,,
de,film,the,movie,,
de,camera,the,camera,,
de,afbeelding,the,image,,
de,fotografie,the,photography,,
de,foto,the,photo,,
de,hobby,the,hobby,,
de,mode,the,fashion,,
de,dans,the,dance,,
***,Arts,Arts,II,(/course/356041/dutch-duolingo-de-or-het-vocabulary/57/),
de,literatuur,the,literature,,
het,theater,the,theater,,
de,poëzie,the,poetry,,
de,stijl,the,style,,
de,collectie,the,collection,,
de,opening,the,opening,,
de,band,the,band,,
het,concert,the,concert,,
het,lied,the,song,,
het,festival,the,festival,,
de,Gouden,Gouden,Eeuw	the,Golden,Age
de,schilder,the,painter,,
het,schilderij,the,painting,,
de,verf,the,paint,,
het,penseel,the,paintbrush,,
het,doek,the,canvas,,
***,Sports,Sports,(/course/356041/dutch-duolingo-de-or-het-vocabulary/58/),,
de,bal,the,ball,,
het,spel,the,game,,
de,wandeling,the,walk,,
de,sport,the,sports,,
de,ploeg,the,team,,
de,speler,the,player,,
het,doel,the,goal,,
het,punt,the,point,,
het,voetbal,the,soccer,,
het,basketbal,the,basketball,(sport),
het,tennis,the,tennis,,
het,korfbal,the,korfball,,
het,racket,the,racquet,,
het,volleybal,the,volleyball,(sport),
de,coach,the,coach,,
***,Sports,Sports,II,(/course/356041/dutch-duolingo-de-or-het-vocabulary/59/),
het,hockey,the,hockey,,
de,wedstrijd,the,match,,
de,sportschool,the,gym,,
het,kampioenschap,the,championship,,
de,atleet,the,athlete,,
de,doelman,the,goalie,,
de,scheidsrechter,the,referee,,
de,middenvelder,the,midfielder,,
de,verdediger,the,defender,,
het,cricket,the,cricket,,
het,fierljeppen,the,fierljeppen,,
***,Science,Science!,(/course/356041/dutch-duolingo-de-or-het-vocabulary/60/),,
de,wetenschap,the,science,,
het,onderzoek,the,research,,
het,laboratorium,the,laboratory,,
het,experiment,the,experiment,,
de,chemicaliën,the,chemicals,,
het,gewicht,the,weight,,
de,eenheid,the,unit,,
de,snelheid,the,speed,,
het,volume,the,volume,,
de,liter,the,liter,,
het,kilogram,the,kilogram,,
het,monster,the,sample,,
de,afstand,the,distance,,
de,diepte,the,depth,,
de,weegschaal,the,scale,,
***,Science,Science!,II,(/course/356041/dutch-duolingo-de-or-het-vocabulary/61/),
de,materie,the,matter,,
de,massa,the,mass,,
de,theorie,the,theory,,
de,methode,the,method,,
de,techniek,the,technique,,
de,hoogte,the,height,,
de,ontdekking,the,discovery,,
het,concept,the,concept,,
de,formule,the,formula,,
de,wetenschapper,the,scientist,,
de,elektriciteit,the,electricity,,
de,cyclus,the,cycle,,
de,conclusie,the,conclusion,,
de,oppervlakte,the,surface,,
de,magneet,the,magnet,,
***,Science,Science!,III,(/course/356041/dutch-duolingo-de-or-het-vocabulary/62/),
de,microscoop,the,microscope,,
de,petrischaal,the,petri,dish,
de,telescoop,the,telescope,,
***,Business,Business,(/course/356041/dutch-duolingo-de-or-het-vocabulary/63/),,
de,euro,the,euro,,
de,cent,the,cent,,
de,dollar,the,dollar,,
de,kassa,the,checkout,,
het,geld,the,money,,
de,prijs,the,price,,
de,valuta,the,currency,,
de,verkoop,the,sale,(act,of
de,uitverkoop,the,sale,(discount),
het,goud,the,gold,,
de,vraag,the,demand,,
de,verzekering,the,insurance,,
het,aanbod,the,supply,,
de,economie,the,economy,,
de,waarde,the,value,,
***,Business,Business,II,(/course/356041/dutch-duolingo-de-or-het-vocabulary/64/),
de,handel,the,trade,,
de,schuld,the,debt,,
de,creditcard,the,credit,card,
de,beurs,the,stock,exchange,
de,consument,the,consumer,,
de,reclame,the,advertisement,,
de,zaken,the,business,,
het,hoofdkantoor,the,headquarters,,
het,filiaal,the,branch,,
de,marketingafdeling,the,marketing,department,
de,boekhouding,the,accounting,,
het,contract,the,contract,,
het,bedrijf,the,company,,
het,salaris,the,salary,,
de,promotie,the,promotion,,
***,Business,Business,III,(/course/356041/dutch-duolingo-de-or-het-vocabulary/65/),
de,klantenservice,the,customer,service,
de,klant,the,customer,,
de,zakenreis,the,business,trip,
de,zakenman,the,businessman,,
de,zakenvrouw,the,businesswoman,,
de,deal,the,deal,,
het,product,the,product,,
de,vergadering,the,meeting,,
de,onderneming,the,enterprise,,
de,ondernemer,the,entrepreneur,,
het,budget,the,budget,,
de,bestelling,the,order,,
de,financiering,the,financing,,
de,industrie,the,industry,,
het,risico,the,risk,,
***,Business,Business,IV,(/course/356041/dutch-duolingo-de-or-het-vocabulary/66/),
het,merk,the,brand,,
de,vooruitgang,the,progress,,
de,investering,the,investment,,
de,firma,the,firm,,
de,winst,the,profit,,
de,concurrentie,the,competition,,
de,laptop,the,laptop,,
de,loonlijst,the,payroll,,
de,agenda,the,agenda,,
de,winkel,the,store,,
***,Government,Government,(/course/356041/dutch-duolingo-de-or-het-vocabulary/67/),,
de,veiligheid,the,security,,
de,wet,the,law,,
de,regering,the,government,,
de,president,the,president,,
de,premier,the,prime,minister,
het,kabinet,the,cabinet,,
de,minister,the,minister,,
de,samenleving,the,society,,
de,belasting,the,tax,,
de,oorlog,the,war,,
de,strategie,the,strategy,,
het,advies,the,advice,,
het,leger,the,army,,
de,schuld,the,blame,,
de,verkiezing,the,election,,
***,Government,Government,II,(/course/356041/dutch-duolingo-de-or-het-vocabulary/68/),
de,campagne,the,campaign,,
de,stem,the,vote,,
de,partij,the,party,,
het,debat,the,debate,,
het,argument,the,argument,,
het,standpunt,the,point,of,view
het,gelijk,the,right,,
de,politiek,the,politics,,
de,kandidaat,the,candidate,,
de,eerste,eerste,kamer	the,first,chamber
de,tweede,tweede,kamer	the,second,chamber
het,lid,the,member,,
de,leider,the,leader,,
de,lijst,the,list,,
de,voorzitter,the,chairman,,
***,Government,Government,III,(/course/356041/dutch-duolingo-de-or-het-vocabulary/69/),
de,abdicatie,the,abdication,,
de,prinses,the,princess,,
de,prins,the,princess,,
de,koningin,the,queen,,
de,kroning,the,coronation,,
de,kroon,the,crown,,
de,taak,the,task,,
het,koninkrijk,the,kingdom,,
het,parlement,the,parliament,,
de,steun,the,support,,
de,monarchie,the,monarchy,,
de,kiezer,the,voter,,
de,republiek,the,republic,,
de,spanning,the,tension,,
de,staking,the,strike,,
***,Government,Government,IV,(/course/356041/dutch-duolingo-de-or-het-vocabulary/70/),
de,crisis,the,crisis,,
het,confict,the,conflict,,
het,wapen,the,weapon,,
het,geweld,the,violence,,
de,luchtmacht,the,air,force,
de,zeemacht,the,navy,,
de,arrestatie,the,arrest,,
de,oorzaak,the,cause,,
de,bedreiging,the,threat,,
de,betrekking,the,relationship,,
de,petitie,the,petition,,
de,demonstratie,the,protest,,
de,handtekening,the,signature,,
het,besluit,the,decision,,
het,plan,the,plan,,
de,rechtbank,the,court,,
***,Events,Events,(/course/356041/dutch-duolingo-de-or-het-vocabulary/71/),,
de,gebeurtenis,the,event,,
het,verkeer,the,traffic,,
de,levering,the,delivery,,
de,actie,the,action,,
de,geboorte,the,birth,,
de,start,the,start,,
het,feest,the,party,,
de,kermis,the,fair,,
de,veldslag,the,battle,,
het,verleden,the,past,,
de,aanval,the,attack,,
het,rijk,the,empire,,
de,onafhankelijkheid,the,independence,,
de,toekomst,the,future,,
***,Events,Events,II,(/course/356041/dutch-duolingo-de-or-het-vocabulary/72/),
de,opstand,the,rebellion,,
de,beeldenstorm,the,iconoclasm,,
de,scheepvaart,the,shipping,,
de,wereldoorlog,the,world,war,
***,Abstract,Abstract,Nouns,(2),(/course/356041/dutch-duolingo-de-or-het-vocabulary/73/)
het,respect,the,respect,,
het,voordeel,the,advantage,,
de,situatie,the,situation,,
de,religie,the,religion,,
de,toestemming,the,permission,,
de,mislukking,the,failure,,
de,oorsprong,the,origin,,
het,geheim,the,secret,,
de,ervaring,the,experience,,
de,angst,the,fear,,
de,twijfel,the,doubt,,
de,haat,the,hate,,
het,bestaan,the,existence,,
de,verantwoordelijkheid,the,responsibility,,
de,verrassing,the,surprise,,
***,Abstract,Abstract,Nouns,(2),II
de,traditie,the,tradition,,
de,fout,the,mistake,,
de,gunst,the,favor,,
de,houding,the,attitude,,
het,gevaar,the,danger,,
de,herinnering,the,memory,,
het,geluk,the,fortune,,
de,gevoeligheid,the,sensitivity,,
de,woede,the,anger,,
de,teleurstelling,the,disappointment,,
de,verlegenheid,the,shyness,,
de,verwarring,the,confusion,,
de,nieuwsgierigheid,the,curiosity,,
de,eenzaamheid,the,loneliness,,
de,koppigheid,the,stubbornness,,
***,Abstract,Abstract,Nouns,(2),III
de,wanhoop,the,despair,,
het,ongeloof,the,disbelief,,
de,opwinding,the,excitement,,
de,vriendschap,the,friendship,,
de,ellende,the,misery,,
de,ijdelheid,the,vanity,,
de,hebzucht,the,greed,,
de,jaloezie,the,envy,,
de,luiheid,the,laziness,,
de,vraatzucht,the,gluttony,,
***,Abstract,Abstract,Nouns,(2),IV
de,moed,the,bravery,,
de,wijsheid,the,wisdom,,
de,rechtvaardigheid,the,justice,,
de,matigheid,the,moderation,,
de,deugd,the,virtue,,
de,zonde,the,sin,,
de,vrijgevigheid,the,generosity,,
***,Dutch,Dutch,"Geography,",Landmarks,&
de,provincie,the,province,,
de,dijk,the,dike,,
de,polder,the,polder,,
de,gracht,the,canal,(city),
de,zeehond,the,seal,,
het,duin,the,dune,,
de,vuurtoren,the,lighthouse,,
de,zeemeeuw,the,seagull,,
de,file,the,traffic,jam,
de,snelweg,the,highway,,
het,verkeersprobleem,the,traffic,problem,
de,vertraging,the,delay,,
de,verkeersinformatie,the,traffic,report,
de,spits,the,rush,hour,
***,Dutch,Dutch,"Baking,",Food,and
de,vla,the,custard,,
de,hagelslag,the,hagelslag,(chocolate,sprinkles)
de,appelflap,the,apple,turnover,
het,poffertje,the,poffertje,,
de,vlaai,the,flan,,
de,bakkerij,the,bakery,,
de,stroopwafel,the,stroopwafel,,
de,stamppot,the,mashed,potato,stew
het,bakje,bakje,troost	the,cup,of
het,eetcafé,the,bistro,,
de,pannenkoek,the,pancake,,
de,rookworst,the,smoked,sausage,
het,café,the,cafe,,
de,kroket,the,croquette,,
de,frikandel,the,frikandel,,
***,Dutch,Dutch,"Baking,",Food,and
de,snackbar,the,snack,bar,
de,friet,the,fries,,
de,portie,the,portion,,
de,brasserie,the,brasserie,,
de,kroeg,the,pub,,
de,haring,the,herring,,
de,ui,the,onion,,
de,kraam,the,market,stall,
de/het,drop,the,licorice,,
het,snoep,the,candy,,